{"cameraMode":{"drawMode":0,"name":"Shaded","section":"Shading Mode"},"sceneLighting":true,"audioPlay":false,"sceneViewState":{"m_AlwaysRefresh":false,"showFog":true,"showSkybox":true,"showFlares":true,"showImageEffects":true,"showParticleSystems":true,"showVisualEffectGraphs":true,"m_FxEnabled":true},"in2DMode":false,"pivot":{"x":-0.00009518861770629883,"y":0.8843088150024414,"z":-0.018987417221069337},"rotation":{"x":-0.1670820266008377,"y":0.7473621964454651,"z":-0.2046072781085968,"w":-0.6097742915153503},"size":1.450819969177246,"orthographic":false}