{"cameraMode":{"drawMode":0,"name":"Shaded","section":"Shading Mode"},"sceneLighting":false,"audioPlay":false,"sceneViewState":{"m_AlwaysRefresh":false,"showFog":true,"showSkybox":true,"showFlares":true,"showImageEffects":true,"showParticleSystems":true,"showVisualEffectGraphs":true,"m_FxEnabled":true},"in2DMode":false,"pivot":{"x":0.2527303695678711,"y":1.1677597761154175,"z":0.14859116077423097},"rotation":{"x":-0.10415564477443695,"y":-0.26603320240974429,"z":0.028927085921168329,"w":-0.9578837752342224},"size":0.9308261871337891,"orthographic":false}