{"cameraMode":{"drawMode":0,"name":"Shaded","section":"Shading Mode"},"sceneLighting":false,"audioPlay":false,"sceneViewState":{"m_AlwaysRefresh":false,"showFog":true,"showSkybox":true,"showFlares":true,"showImageEffects":true,"showParticleSystems":true,"showVisualEffectGraphs":true,"m_FxEnabled":true},"in2DMode":false,"pivot":{"x":-4.505712509155273,"y":-24.876306533813478,"z":0.07317733764648438},"rotation":{"x":-0.12596635520458222,"y":0.011008786037564278,"z":-0.001398037071339786,"w":-0.9919725656509399},"size":30.742748260498048,"orthographic":false}