{"cameraMode":{"drawMode":0,"name":"Shaded","section":"Shading Mode"},"sceneLighting":false,"audioPlay":false,"sceneViewState":{"m_AlwaysRefresh":false,"showFog":true,"showSkybox":true,"showFlares":true,"showImageEffects":true,"showParticleSystems":true,"showVisualEffectGraphs":true,"m_FxEnabled":true},"in2DMode":false,"pivot":{"x":673.37060546875,"y":1013.1223754882813,"z":201.7599334716797},"rotation":{"x":-0.05726449564099312,"y":-0.021864835172891618,"z":0.0012543651973828674,"w":-0.9981193542480469},"size":1214.1651611328125,"orthographic":false}