{"cameraMode":{"drawMode":0,"name":"Shaded","section":"Shading Mode"},"sceneLighting":false,"audioPlay":false,"sceneViewState":{"m_AlwaysRefresh":false,"showFog":true,"showSkybox":true,"showFlares":true,"showImageEffects":true,"showParticleSystems":true,"showVisualEffectGraphs":true,"m_FxEnabled":true},"in2DMode":false,"pivot":{"x":1.8515167236328126,"y":2.2347469329833986,"z":-0.7383742928504944},"rotation":{"x":-0.11086127161979675,"y":-0.31843405961990359,"z":0.03752761334180832,"w":-0.940692126750946},"size":2.0432465076446535,"orthographic":false}