{"cameraMode":{"drawMode":0,"name":"Shaded","section":"Shading Mode"},"sceneLighting":false,"audioPlay":false,"sceneViewState":{"m_AlwaysRefresh":false,"showFog":true,"showSkybox":true,"showFlares":true,"showImageEffects":true,"showParticleSystems":true,"showVisualEffectGraphs":true,"m_FxEnabled":true},"in2DMode":false,"pivot":{"x":389.0070495605469,"y":278.676513671875,"z":129.5925750732422},"rotation":{"x":-0.05726449564099312,"y":-0.021864835172891618,"z":0.0012543651973828674,"w":-0.9981193542480469},"size":422.16937255859377,"orthographic":false}