{"cameraMode":{"drawMode":0,"name":"Shaded","section":"Shading Mode"},"sceneLighting":false,"audioPlay":false,"sceneViewState":{"m_AlwaysRefresh":false,"showFog":true,"showSkybox":true,"showFlares":true,"showImageEffects":true,"showParticleSystems":true,"showVisualEffectGraphs":true,"m_FxEnabled":true},"in2DMode":false,"pivot":{"x":-175.63148498535157,"y":174.41751098632813,"z":209.2365264892578},"rotation":{"x":-0.43656620383262637,"y":-0.010258243419229985,"z":0.004978099837899208,"w":-0.899600625038147},"size":155.6792449951172,"orthographic":false}