{"cameraMode":{"drawMode":0,"name":"Shaded","section":"Shading Mode"},"sceneLighting":false,"audioPlay":false,"sceneViewState":{"m_AlwaysRefresh":false,"showFog":true,"showSkybox":true,"showFlares":true,"showImageEffects":true,"showParticleSystems":true,"showVisualEffectGraphs":true,"m_FxEnabled":true},"in2DMode":false,"pivot":{"x":-4.505712509155273,"y":-22.676305770874025,"z":5.623177528381348},"rotation":{"x":-0.12596635520458222,"y":0.011008786037564278,"z":-0.001398037071339786,"w":-0.9919725656509399},"size":1.5811388492584229,"orthographic":false}