{"cameraMode":{"drawMode":0,"name":"Shaded","section":"Shading Mode"},"sceneLighting":false,"audioPlay":false,"sceneViewState":{"m_AlwaysRefresh":false,"showFog":true,"showSkybox":true,"showFlares":true,"showImageEffects":true,"showParticleSystems":true,"showVisualEffectGraphs":true,"m_FxEnabled":true},"in2DMode":false,"pivot":{"x":0.4287898540496826,"y":1.3608205318450928,"z":-0.16966867446899415},"rotation":{"x":-0.0769740641117096,"y":-0.1778949797153473,"z":0.013959357514977456,"w":-0.980935275554657},"size":2.952704429626465,"orthographic":false}