{"cameraMode":{"drawMode":0,"name":"Shaded","section":"Shading Mode"},"sceneLighting":false,"audioPlay":false,"sceneViewState":{"m_AlwaysRefresh":false,"showFog":true,"showSkybox":false,"showFlares":true,"showImageEffects":true,"showParticleSystems":true,"showVisualEffectGraphs":true,"m_FxEnabled":true},"in2DMode":false,"pivot":{"x":-0.00009518861770629883,"y":0.8843088150024414,"z":-0.018987417221069337},"rotation":{"x":0.10422182828187943,"y":-0.887889564037323,"z":0.24744585156440736,"w":0.37379759550094607},"size":1.390215516090393,"orthographic":false}